id;content;created;jhi_desc
1;productivity Rial;2023-04-25T19:59:58;Chicken framework
2;ivory;2023-04-26T09:48:03;cross-platform
3;redundant Pants Savings;2023-04-26T09:40:19;District Table Handmade
4;Architect Virginia Haven;2023-04-26T10:48:10;Manor
5;definition Steel;2023-04-25T22:04:50;initiatives Chicken
6;content-based;2023-04-26T15:50:42;Chicken deposit Drives
7;Metal Franc Loaf;2023-04-26T08:30:01;generation
8;programming;2023-04-26T16:48:08;Money
9;Bedfordshire Isle;2023-04-26T08:00:25;salmon Avon
10;Frozen Koruna Roads;2023-04-26T14:56:17;Louisiana deposit withdrawal
